{"cameraMode":{"drawMode":0,"name":"Shaded","section":"Shading Mode"},"sceneLighting":false,"audioPlay":false,"sceneViewState":{"showFog":true,"showMaterialUpdate":true,"showSkybox":false,"showFlares":true,"showImageEffects":true,"showParticleSystems":true},"in2DMode":false,"pivot":{"x":6.629188537597656,"y":0.5250492095947266,"z":51.90203857421875},"rotation":{"x":0.06573337316513062,"y":0.7976322174072266,"z":-0.08841648697853089,"w":0.5930001735687256},"size":10.70452880859375,"orthographic":false}