{"cameraMode":{"drawMode":0,"name":"Shaded","section":"Shading Mode"},"sceneLighting":false,"audioPlay":false,"sceneViewState":{"showFog":false,"showMaterialUpdate":true,"showSkybox":false,"showFlares":true,"showImageEffects":true,"showParticleSystems":true},"in2DMode":false,"pivot":{"x":0.2639838457107544,"y":1.8946263790130616,"z":-67.95668029785156},"rotation":{"x":-0.15715008974075318,"y":-0.008297973312437535,"z":0.0013207853771746159,"w":-0.9875400066375732},"size":24.637126922607423,"orthographic":false}