{"cameraMode":{"drawMode":0,"name":"Shaded","section":"Shading Mode"},"sceneLighting":false,"audioPlay":false,"sceneViewState":{"showFog":false,"showMaterialUpdate":true,"showSkybox":false,"showFlares":true,"showImageEffects":true,"showParticleSystems":true},"in2DMode":false,"pivot":{"x":0.6367373466491699,"y":-1.0969977378845215,"z":3.4890575408935549},"rotation":{"x":-0.14734122157096864,"y":-0.17643015086650849,"z":0.026721147820353509,"w":-0.972858190536499},"size":13.83302116394043,"orthographic":false}