{"cameraMode":{"drawMode":0,"name":"Shaded","section":"Shading Mode"},"sceneLighting":false,"audioPlay":false,"sceneViewState":{"showFog":false,"showMaterialUpdate":true,"showSkybox":false,"showFlares":true,"showImageEffects":true,"showParticleSystems":true},"in2DMode":false,"pivot":{"x":0.032578468322753909,"y":-0.5310978889465332,"z":0.4779090881347656},"rotation":{"x":-0.13052450120449067,"y":-0.3468933701515198,"z":0.048817846924066547,"w":-0.9274969696998596},"size":4.800065517425537,"orthographic":false}