{"cameraMode":{"drawMode":0,"name":"Shaded","section":"Shading Mode"},"sceneLighting":true,"audioPlay":false,"sceneViewState":{"showFog":true,"showMaterialUpdate":true,"showSkybox":true,"showFlares":true,"showImageEffects":true,"showParticleSystems":true},"in2DMode":false,"pivot":{"x":29.007450103759767,"y":-9.152365684509278,"z":57.39494323730469},"rotation":{"x":0.09763415902853012,"y":0.20303887128829957,"z":-0.020351219922304155,"w":0.9740801453590393},"size":89.28418731689453,"orthographic":false}