{"cameraMode":{"drawMode":0,"name":"Shaded","section":"Shading Mode"},"sceneLighting":false,"audioPlay":false,"sceneViewState":{"showFog":false,"showMaterialUpdate":true,"showSkybox":false,"showFlares":true,"showImageEffects":true,"showParticleSystems":true},"in2DMode":false,"pivot":{"x":8.59000015258789,"y":11.230009078979493,"z":1.1200000047683716},"rotation":{"x":-0.1636926829814911,"y":0.10102149844169617,"z":-0.0168533306568861,"w":-0.9811816811561585},"size":9.26845645904541,"orthographic":false}