{"cameraMode":{"drawMode":0,"name":"Shaded","section":"Shading Mode"},"sceneLighting":false,"audioPlay":false,"sceneViewState":{"showFog":false,"showMaterialUpdate":true,"showSkybox":false,"showFlares":true,"showImageEffects":true,"showParticleSystems":true},"in2DMode":false,"pivot":{"x":3.7015185356140138,"y":-0.7163887023925781,"z":3.267192840576172},"rotation":{"x":-0.1128297671675682,"y":-0.30423492193222048,"z":0.036317337304353717,"w":-0.9451962113380432},"size":11.55381965637207,"orthographic":false}