{"cameraMode":{"drawMode":0,"name":"Shaded","section":"Shading Mode"},"sceneLighting":false,"audioPlay":false,"sceneViewState":{"showFog":true,"showMaterialUpdate":true,"showSkybox":false,"showFlares":true,"showImageEffects":true,"showParticleSystems":true},"in2DMode":false,"pivot":{"x":132.7457275390625,"y":-7.124303817749023,"z":-125.43063354492188},"rotation":{"x":0.10490868985652924,"y":0.6799073815345764,"z":-0.09921250492334366,"w":0.7189431190490723},"size":32.253482818603519,"orthographic":false}