{"cameraMode":{"drawMode":0,"name":"Shaded","section":"Shading Mode"},"sceneLighting":false,"audioPlay":false,"sceneViewState":{"showFog":true,"showMaterialUpdate":true,"showSkybox":false,"showFlares":true,"showImageEffects":true,"showParticleSystems":true},"in2DMode":false,"pivot":{"x":11.710649490356446,"y":-3.965675115585327,"z":41.584285736083987},"rotation":{"x":0.12729041278362275,"y":0.7420682311058044,"z":-0.1472584307193756,"w":0.6414451599121094},"size":21.95975685119629,"orthographic":false}