{"cameraMode":{"drawMode":0,"name":"Shaded","section":"Shading Mode"},"sceneLighting":false,"audioPlay":false,"sceneViewState":{"showFog":true,"showMaterialUpdate":true,"showSkybox":false,"showFlares":true,"showImageEffects":true,"showParticleSystems":true},"in2DMode":false,"pivot":{"x":-0.035436153411865237,"y":-0.44191718101501467,"z":23.93572235107422},"rotation":{"x":0.11764416098594666,"y":0.2185739278793335,"z":-0.026554804295301439,"w":0.9683406352996826},"size":11.291556358337403,"orthographic":false}