{"cameraMode":{"drawMode":0,"name":"Shaded","section":"Shading Mode"},"sceneLighting":true,"audioPlay":false,"sceneViewState":{"showFog":true,"showMaterialUpdate":true,"showSkybox":true,"showFlares":true,"showImageEffects":true,"showParticleSystems":true},"in2DMode":false,"pivot":{"x":0.7148475646972656,"y":10.62746810913086,"z":18.486610412597658},"rotation":{"x":0.010599254630506039,"y":0.9444804787635803,"z":-0.030609801411628724,"w":0.32699018716812136},"size":87.2808837890625,"orthographic":false}