{"cameraMode":{"drawMode":0,"name":"Shaded","section":"Shading Mode"},"sceneLighting":false,"audioPlay":false,"sceneViewState":{"showFog":false,"showMaterialUpdate":true,"showSkybox":false,"showFlares":true,"showImageEffects":true,"showParticleSystems":true},"in2DMode":false,"pivot":{"x":32.96411895751953,"y":10.942686080932618,"z":-3.9178504943847658},"rotation":{"x":-0.22521008551120759,"y":0.09685281664133072,"z":-0.022504543885588647,"w":-0.9692245721817017},"size":25.98276138305664,"orthographic":false}