{"cameraMode":{"drawMode":0,"name":"Shaded","section":"Shading Mode"},"sceneLighting":true,"audioPlay":false,"sceneViewState":{"showFog":false,"showMaterialUpdate":true,"showSkybox":true,"showFlares":true,"showImageEffects":true,"showParticleSystems":true},"in2DMode":false,"pivot":{"x":-7.701555252075195,"y":4.557836532592773,"z":-3.3976287841796877},"rotation":{"x":-0.1909145712852478,"y":0.17620281875133515,"z":-0.034858230501413348,"w":-0.9650353193283081},"size":39.597557067871097,"orthographic":false}