{"cameraMode":{"drawMode":0,"name":"Shaded","section":"Shading Mode"},"sceneLighting":false,"audioPlay":false,"sceneViewState":{"showFog":false,"showMaterialUpdate":true,"showSkybox":false,"showFlares":true,"showImageEffects":true,"showParticleSystems":true},"in2DMode":false,"pivot":{"x":-0.19422942399978639,"y":7.397912979125977,"z":-66.22189331054688},"rotation":{"x":-0.18522542715072633,"y":0.009431312792003155,"z":-0.0017774560255929828,"w":-0.9826502799987793},"size":30.33119773864746,"orthographic":false}