{"cameraMode":{"drawMode":0,"name":"Shaded","section":"Shading Mode"},"sceneLighting":false,"audioPlay":false,"sceneViewState":{"showFog":true,"showMaterialUpdate":true,"showSkybox":false,"showFlares":true,"showImageEffects":true,"showParticleSystems":true},"in2DMode":false,"pivot":{"x":120.6300277709961,"y":0.9973483085632324,"z":-123.87999725341797},"rotation":{"x":0.05278534069657326,"y":0.14774401485919953,"z":-0.007896610535681248,"w":0.987585723400116},"size":48.814212799072269,"orthographic":false}