{"cameraMode":{"drawMode":0,"name":"Shaded","section":"Shading Mode"},"sceneLighting":false,"audioPlay":false,"sceneViewState":{"showFog":true,"showMaterialUpdate":true,"showSkybox":false,"showFlares":true,"showImageEffects":true,"showParticleSystems":true},"in2DMode":false,"pivot":{"x":-1.5055475234985352,"y":0.6890246868133545,"z":27.609315872192384},"rotation":{"x":0.08715379238128662,"y":0.11924981325864792,"z":-0.010509620420634747,"w":0.9889789819717407},"size":18.651119232177736,"orthographic":false}