{"cameraMode":{"drawMode":0,"name":"Shaded","section":"Shading Mode"},"sceneLighting":false,"audioPlay":false,"sceneViewState":{"showFog":false,"showMaterialUpdate":true,"showSkybox":false,"showFlares":true,"showImageEffects":true,"showParticleSystems":true},"in2DMode":false,"pivot":{"x":5.223869800567627,"y":-0.033222198486328128,"z":-40.63175964355469},"rotation":{"x":-0.09180328249931336,"y":-0.9000099897384644,"z":0.23058685660362245,"w":-0.35832056403160097},"size":40.90709686279297,"orthographic":false}